-- SQL FILE GENERATED FROM .sqlite3 database file
CREATE TABLE IF NOT EXISTS  routes  (
	 id 	VARCHAR(3) NOT NULL,
	 agency_id 	VARCHAR(3),
	 route_short_name 	VARCHAR(7),
	 route_long_name 	TEXT,
	 route_desc 	TEXT,
	 route_type 	INTEGER,
	 route_url 	TEXT,
	 route_color 	VARCHAR(10),
	 route_text_color 	VARCHAR(10),
	PRIMARY KEY( id )
);
CREATE TABLE IF NOT EXISTS  stops  (
	 id 	VARCHAR(15) NOT NULL,
	 stop_code 	VARCHAR(30),
	 stop_name 	TEXT,
	 stop_desc 	TEXT,
	 stop_lat 	FLOAT,
	 stop_lon 	FLOAT,
	PRIMARY KEY( id )
);
CREATE TABLE IF NOT EXISTS  timetable  (
	 from_stop_id 	VARCHAR(30) NOT NULL,
	 to_stop_id 	VARCHAR(30) NOT NULL,
	 departure_time 	INTEGER NOT NULL,
	 travel_time 	INTEGER NOT NULL,
	 route_type 	INTEGER NOT NULL,
	 trip_id 	VARCHAR(30) NOT NULL,
	PRIMARY KEY( from_stop_id , to_stop_id , departure_time , travel_time , route_type , trip_id )
);
CREATE TABLE IF NOT EXISTS  stop_routes  (
	 stop_id 	VARCHAR(30) NOT NULL,
	 route_id 	VARCHAR(40) NOT NULL,
	PRIMARY KEY( stop_id , route_id )
);
CREATE TABLE IF NOT EXISTS  trips  (
	 route_id 	VARCHAR(3),
	 service_id 	INTEGER,
	 id 	VARCHAR(7) NOT NULL,
	 trip_headsign 	TEXT,
	 trip_short_name 	VARCHAR(40),
	 direction_id 	INTEGER,
	 block_id 	INTEGER,
	PRIMARY KEY( id ),
	FOREIGN KEY( route_id ) REFERENCES  routes ( id )
);
CREATE TABLE IF NOT EXISTS  transfers  (
	 from_stop_id 	VARCHAR(30) NOT NULL,
	 to_stop_id 	VARCHAR(30) NOT NULL,
	 transfer_type 	INTEGER,
	 min_transfer_type 	INTEGER,
	PRIMARY KEY( from_stop_id , to_stop_id ),
	FOREIGN KEY( from_stop_id ) REFERENCES  stops ( id ),
	FOREIGN KEY( to_stop_id ) REFERENCES  stops ( id )
);
CREATE TABLE IF NOT EXISTS  stop_times  (
	 trip_id 	VARCHAR(7) NOT NULL,
	 arrival_time 	VARCHAR(10) NOT NULL,
	 departure_time 	VARCHAR(10),
	 stop_id 	VARCHAR(15),
	 stop_sequence 	INTEGER,
	 pickup_type 	INTEGER,
	 drop_off_type 	INTEGER,
	PRIMARY KEY( trip_id , arrival_time ),
	FOREIGN KEY( trip_id ) REFERENCES  trips ( id ),
	FOREIGN KEY( stop_id ) REFERENCES  stops ( id )
);
INSERT INTO  routes  VALUES ('A','TUB','Ligne A',NULL,'Pôle multimodel SNCF <> La Cavaille ',3,NULL,'14491','FFFFFF');
INSERT INTO  routes  VALUES ('B','TUB','Ligne B',NULL,'Chanzy -> SNCF -> Place de Lattre de Tassigny -> La Catte -> République -> Hopital -> SNCF',3,NULL,'D2362A','FFFFFF');
INSERT INTO  routes  VALUES ('c','TUB','Ligne C',NULL,'SNCF -> Le Tounet -> Place de Lattre de Tassigny',3,NULL,'E09545','FFFFFF');
INSERT INTO  stops  VALUES ('sncf',NULL,'Pôle Multimodal SNCF','Arrêt desservi par  les lignes A (terminus & départ), B (passage direction République puis terminus) et C (départ)',44.856914,0.4880251);
INSERT INTO  stops  VALUES ('repu',NULL,'Republique','Arrêt desservi par les lignes  A (passage dans les deux directions), B (passage direction Place de Lattre de Tassigny et passage direction Hopîtal Samuel Pozzy ) et C  (passage direction Place de Lattre de Tassigny)',44.8528773,0.4874498);
INSERT INTO  stops  VALUES ('ferry',NULL,'Jules Ferry','Arrêt desservi par la ligne A (passage direction SNCF)',44.8556422,0.4842851);
INSERT INTO  stops  VALUES ('delattre',NULL,'Place de Lattre de Tassigny','Arrêt desservi par les lignes A (passage dans les deux directions), B (passages direction la Catte puis direction République puis direction SNCF ) et C (terminus)',44.8534368,0.483303);
INSERT INTO  stops  VALUES ('gambettaBC',NULL,'Gambetta','Arrêt desservi par les lignes B (passage direction Place de Lattre de Tassigny) et C (passage direction Le Tounet)',44.8540101,0.482345);
INSERT INTO  stops  VALUES ('salvetteAC',NULL,'Quai Salvette','Arrêt desservi par les lignes A (passage direction La Cavaille) et C (passage direction Le Tounet)',44.8500112038413,0.482581453880194);
INSERT INTO  stops  VALUES ('madeleine1AC',NULL,'Madeleine Fénelon ','Arrêt desservi par les lignes A (passage direction La Cavaille) et C (passage direction Le Tounet)',44.8462443,0.4814808);
INSERT INTO  stops  VALUES ('madeleine2AC',NULL,'La Madeleine','Arrêt desservi par les lignes A (passage direction SNCF) et C (passage direction Place de Lattre de Tassigny  )',44.8466012,0.4821113);
INSERT INTO  stops  VALUES ('hotelAC',NULL,'Hotel de Ville','Arrêt desservi par les lignes A (passage direction SNCF) et C (passage direction Place de Lattre de Tassigny)',44.8497153,0.4845895);
INSERT INTO  stops  VALUES ('musique1A',NULL,'Ecole de Musique - Direction La Cavaille','Arrêt desservi par la ligne A (passage direction La Cavaille)',44.8457252,0.4799614);
INSERT INTO  stops  VALUES ('musique2AC',NULL,'Ecole de Musique - Direction République','Arrêt desservi par les lignes A (passage direction SNCF) et C (passage direction Place de Lattre de Tassigny)',44.8454484,0.4802345);
INSERT INTO  stops  VALUES ('musique1C',NULL,'Ecole de Musique - Direction Le Tounet','Arrêt desservi par la ligne C (passage direction Le Tounet)',44.8446609,0.4809069);
INSERT INTO  stops  VALUES ('sicard1A',NULL,'Henri Sicard - Direction La Cavaille','Arrêt desservi par la ligne A (passage direction La Cavaille)',44.8470676,0.4786428);
INSERT INTO  stops  VALUES ('sicard2AC',NULL,'Henri Sicard - Direction République','Arrêt desservi par les lignes A (passage direction SNCF) et C (passage direction  Place de Lattre de Tassigny)',44.8468933,0.4787954);
INSERT INTO  stops  VALUES ('briand1',NULL,'Chateaubriand -Direction La Cavaille','Arrêt desservi par la ligne A  (passage direction La Cavaille)',44.8441127,0.4706127);
INSERT INTO  stops  VALUES ('briand2',NULL,'Chateaubriand - Direction SNCF','Arrêt desservi par la ligne A  (passage direction SNCF)',44.8440289,0.4705329);
INSERT INTO  stops  VALUES ('croze1',NULL,'Croze - Direction La Cavaille','Arrêt desservi par la ligne A  (passage direction La Cavaille)',44.8391959,0.459465);
INSERT INTO  stops  VALUES ('croze2',NULL,'Croze - Direction SNCF','Arrêt desservi par la ligne A  (passage direction SNCF)',44.8390517,0.4591391);
INSERT INTO  stops  VALUES ('bordeaux1',NULL,'Route de Bordeaux - Direction La Cavaille','Arrêt desservi par la ligne A  (passage direction La Cavaille)',44.8366373,0.4536698);
INSERT INTO  stops  VALUES ('bordeaux2',NULL,'Route de Bordeaux - Direction SNCF','Arrêt desservi par la ligne A  (passage direction SNCF)',44.8365396,0.4534424);
INSERT INTO  stops  VALUES ('cavaille',NULL,'La Cavaille','Arrêt desservi par la ligne A (terminus et depart en direction de SNCF)',44.8356733,0.4454534);
INSERT INTO  stops  VALUES ('labatut',NULL,'Labatut','Arrêet desservi par la ligne C (passage direction Le Tounet)',44.8397253,0.4836186);
INSERT INTO  stops  VALUES ('beylive',NULL,'La Beylive','Arrêet desservi par la ligne C (passage direction Le Tounet)',44.839704,0.481812);
INSERT INTO  stops  VALUES ('clairat',NULL,'Petit Clairat','Arrêet desservi par la ligne C (passage direction Le Tounet)',44.8372854,0.4750941);
INSERT INTO  stops  VALUES ('apollinaire',NULL,'Apollinaire','Arrêet desservi par la ligne C (passage direction Le Tounet)',44.8347286,0.4715326);
INSERT INTO  stops  VALUES ('tounet',NULL,'Le Tounet','Arrêet desservi par la ligne C (passage direction Place de Lattre de Tassigny)',44.833936,0.4680332);
INSERT INTO  stops  VALUES ('vauthier',NULL,'Vauthier','Arrêet desservi par la ligne C (passage direction Place de Lattre de Tassigny)',44.8356912,0.4666036);
INSERT INTO  stops  VALUES ('marais',NULL,'Le Marais','Arrêet desservi par la ligne C (passage direction Place de Lattre de Tassigny)',44.837091,0.465854);
INSERT INTO  stops  VALUES ('bonnefond',NULL,'Bonnefond','Arrêet desservi par la ligne C (passage direction Place de Lattre de Tassigny)',44.8384007,0.4646712);
INSERT INTO  stops  VALUES ('leydier',NULL,'J.Leydier','Arrêet desservi par la ligne C (passage direction Place de Lattre de Tassigny)',44.8401475,0.4653348);
INSERT INTO  stops  VALUES ('leroy',NULL,'Collège E.Leroy','Arrêet desservi par la ligne C (passage direction Place de Lattre de Tassigny)',44.839131,0.46969);
INSERT INTO  stops  VALUES ('taillis',NULL,'Le Taillis','Arrêet desservi par la ligne C (passage direction Place de Lattre de Tassigny)',44.8403522,0.4715873);
INSERT INTO  stops  VALUES ('lopofa',NULL,'Lo Po Fa','Arrêet desservi par la ligne C (passage direction Place de Lattre de Tassigny)',44.8406965,0.4758528);
INSERT INTO  stops  VALUES ('capelle',NULL,'Lycée J.Capelle','Arrêet desservi par la ligne C (passage direction Place de Lattre de Tassigny)',44.8435652,0.475609);
INSERT INTO  stops  VALUES ('naillac',NULL,'Naillac / Henri Boyer','Arrêet desservi par la ligne C (passage direction Place de Lattre de Tassigny)',44.843624,0.478008);
INSERT INTO  stops  VALUES ('chanzy',NULL,'Chanzy / Lycée des Métiers','Arrêet desservi par la ligne B (passage direction SNCF)',44.8546947,0.4945284);
INSERT INTO  stops  VALUES ('jeanne',NULL,'Jeanne D''Arc','Arrêt desservi par la ligne B (passage direction SNCF puis passage direction Place de Lattre de Tassigny) ',44.8525609,0.4958466);
INSERT INTO  stops  VALUES ('hopital',NULL,'Hôpital Samuel Pozzi','Arrêt desservi par la ligne B (passage direction SNCF puis passage direction Place de Lattre de Tassigny) ',44.851222,0.4964561);
INSERT INTO  stops  VALUES ('bellay',NULL,'Du Bellay','Arrêt desservi par la ligne B (passage direction SNCF puis passage direction Place de Lattre de Tassigny) ',44.8496304,0.4987142);
INSERT INTO  stops  VALUES ('guilbeaud',NULL,'Guilbeaud','Arrêt desservi par la ligne B (passage direction SNCF puis passage direction Place de Lattre de Tassigny) ',44.8490622,0.495145);
INSERT INTO  stops  VALUES ('loupias',NULL,'Loupias','Arrêt desservi par la ligne B (passage direction la Catte)',44.8525616,0.4764138);
INSERT INTO  stops  VALUES ('berthelot',NULL,'Berthelot','Arrêt desservi par la ligne B (passage direction la Catte)',44.8561185,0.4702626);
INSERT INTO  stops  VALUES ('sevigne2',NULL,'Sévigné 2','Arrêt desservi par la ligne B (passage direction la Catte)',44.8576961,0.4728879);
INSERT INTO  stops  VALUES ('sevigne',NULL,'Sévigné ','Arrêt desservi par la ligne B (passage direction la Catte)',44.8547579,0.4716296);
INSERT INTO  stops  VALUES ('bergson',NULL,'Bergson','Arrêt desservi par la ligne B (passage direction la Catte)',44.8531398,0.4692247);
INSERT INTO  stops  VALUES ('roux',NULL,'Pont-Roux','Arrêt desservi par la ligne B (passage direction la Catte)',44.8513551,0.459734);
INSERT INTO  stops  VALUES ('rouxouest',NULL,'Pont-Roux Ouest','Arrêt desservi par la ligne B (passage direction la Catte)',44.8521871,0.4551047);
INSERT INTO  stops  VALUES ('devier',NULL,'Henri Devier','Arrêt desservi par la ligne B (passage direction la Catte)',44.8584367,0.4562351);
INSERT INTO  stops  VALUES ('force',NULL,'Route de la Force','Arrêt desservi par la ligne B (passage direction la Catte)',44.8585064,0.4564839);
INSERT INTO  stops  VALUES ('bernard',NULL,'Claude Bernard','Arrêt desservi par la ligne B (passage direction la Catte)',44.8633405,0.4688939);
INSERT INTO  stops  VALUES ('coulanges',NULL,'F de Coulanges','Arrêt desservi par la ligne B (passage direction la Catte)',44.8644575,0.4707584);
INSERT INTO  stops  VALUES ('danias',NULL,'Danias','Arrêt desservi par la ligne B (passage direction la Catte)',44.8653302,0.4725498);
INSERT INTO  stops  VALUES ('caville',NULL,'Caville','Arrêt desservi par la ligne B (passage direction la Catte)',44.8653004,0.4780408);
INSERT INTO  stops  VALUES ('lumiere',NULL,'Louis Lumière','Arrêt desservi par la ligne B (passage direction la Catte)',44.8673191,0.4781875);
INSERT INTO  stops  VALUES ('brenil',NULL,'Brénil','Arrêt desservi par la ligne B (passage direction la Catte)',44.8688377,0.4783697);
INSERT INTO  stops  VALUES ('joli',NULL,'Pré Joli','Arrêt desservi par la ligne B (passage direction la Catte)',44.8700905,0.4797198);
INSERT INTO  stops  VALUES ('cattenord',NULL,'La Catte Nord','Arrêt desservi par la ligne B (passage direction la Catte)',44.871624,0.4834044);
INSERT INTO  stops  VALUES ('catte',NULL,'La Catte','Arrêt desservi par la ligne B (passage direction Place de Lattre de Tassigny)',44.870742,0.4843747);
INSERT INTO  stops  VALUES ('aubertie',NULL,'Aubertie','Arrêt desservi par la ligne B (passage direction Place de Lattre de Tassigny)',44.8686369,0.4839337);
INSERT INTO  stops  VALUES ('coicaud',NULL,'Réné Coicaud / La Brunetière','Arrêt desservi par la ligne B (passage direction Place de Lattre de Tassigny)',44.8669895,0.4837299);
INSERT INTO  stops  VALUES ('brazza',NULL,'Brazza','Arrêt desservi par la ligne B (passage direction Place de Lattre de Tassigny)',44.862825,0.482785);
INSERT INTO  stops  VALUES ('montesquieu',NULL,'Montesquieu','Arrêt desservi par la ligne B (passage direction Place de Lattre de Tassigny)',44.8612162,0.48225);
INSERT INTO  stops  VALUES ('lisle',NULL,'Leconte de Lisle','Arrêt desservi par la ligne B (passage direction Place de Lattre de Tassigny)',44.860483,0.479221);
INSERT INTO  stops  VALUES ('boetie',NULL,'La Boétie','Arrêt desservi par la ligne B (passage direction Place de Lattre de Tassigny)',44.8588481,0.4799612);
INSERT INTO  stops  VALUES ('durou',NULL,'Durou','Arrêt desservi par la ligne B (passage direction Place de Lattre de Tassigny)',44.8571717,0.481238);
INSERT INTO  trips  VALUES ('A',1,'Acav1','La Cavaille',NULL,1,NULL);
INSERT INTO  trips  VALUES ('A',1,'Acav2','La Cavaille',NULL,1,NULL);
INSERT INTO  trips  VALUES ('A',1,'Acav3','La Cavaille',NULL,1,NULL);
INSERT INTO  trips  VALUES ('A',1,'Acav4','La Cavaille',NULL,1,NULL);
INSERT INTO  trips  VALUES ('A',1,'Acav5','La Cavaille',NULL,1,NULL);
INSERT INTO  trips  VALUES ('A',1,'Acav6','La Cavaille',NULL,1,NULL);
INSERT INTO  trips  VALUES ('A',1,'Acav7','La Cavaille',NULL,1,NULL);
INSERT INTO  trips  VALUES ('A',1,'Acav8','La Cavaille',NULL,1,NULL);
INSERT INTO  trips  VALUES ('A',1,'Acav9','La Cavaille',NULL,1,NULL);
INSERT INTO  trips  VALUES ('A',1,'Acav10','La Cavaille',NULL,1,NULL);
INSERT INTO  trips  VALUES ('A',1,'Acav11','La Cavaille',NULL,1,NULL);
INSERT INTO  trips  VALUES ('A',1,'Asncf1','Pôle Multimodal SNCF',NULL,0,NULL);
INSERT INTO  trips  VALUES ('A',1,'Asncf2','Pôle Multimodal SNCF',NULL,0,NULL);
INSERT INTO  trips  VALUES ('A',1,'Asncf3','Pôle Multimodal SNCF',NULL,0,NULL);
INSERT INTO  trips  VALUES ('A',1,'Asncf4','Pôle Multimodal SNCF',NULL,0,NULL);
INSERT INTO  trips  VALUES ('A',1,'Asncf5','Pôle Multimodal SNCF',NULL,0,NULL);
INSERT INTO  trips  VALUES ('A',1,'Asncf6','Pôle Multimodal SNCF',NULL,0,NULL);
INSERT INTO  trips  VALUES ('A',1,'Asncf7','Pôle Multimodal SNCF',NULL,0,NULL);
INSERT INTO  trips  VALUES ('A',1,'Asncf8','Pôle Multimodal SNCF',NULL,0,NULL);
INSERT INTO  trips  VALUES ('A',1,'Asncf9','Pôle Multimodal SNCF',NULL,0,NULL);
INSERT INTO  trips  VALUES ('A',1,'Asncf10','Pôle Multimodal SNCF',NULL,0,NULL);
INSERT INTO  trips  VALUES ('A',1,'Asncf11','Pôle Multimodal SNCF',NULL,0,NULL);
INSERT INTO  trips  VALUES ('B',1,'B1','Chanzy -> De Lattre par La Catte',NULL,1,NULL);
INSERT INTO  trips  VALUES ('B',1,'B2','Boucle SNCF -> SNCF par La Catte',NULL,1,NULL);
INSERT INTO  trips  VALUES ('B',1,'B3','Chanzy -> De Lattre par La Catte',NULL,1,NULL);
INSERT INTO  trips  VALUES ('B',1,'B4','Boucle SNCF -> SNCF par La Catte',NULL,1,NULL);
INSERT INTO  trips  VALUES ('C',1,'C1','Boucle SNCF -> De Lattre par Le Tounet',NULL,1,NULL);
INSERT INTO  trips  VALUES ('C',1,'C2','Boucle SNCF -> De Lattre par Le Tounet',NULL,1,NULL);
INSERT INTO  trips  VALUES ('C',1,'C3','Boucle SNCF -> De Lattre par Le Tounet',NULL,1,NULL);
INSERT INTO  trips  VALUES ('C',1,'C4','Boucle SNCF -> De Lattre par Le Tounet',NULL,1,NULL);
INSERT INTO  transfers  VALUES ('bordeaux1','bordeaux2',2,60);
INSERT INTO  transfers  VALUES ('bordeaux2','bordeaux1',2,60);
INSERT INTO  transfers  VALUES ('croze1','croze2',2,60);
INSERT INTO  transfers  VALUES ('croze2','croze1',2,60);
INSERT INTO  transfers  VALUES ('briand1','briand2',2,60);
INSERT INTO  transfers  VALUES ('briand2','briand1',2,60);
INSERT INTO  transfers  VALUES ('sicard1A','sicard2AC',2,60);
INSERT INTO  transfers  VALUES ('sicard2AC','sicard1A',2,60);
INSERT INTO  transfers  VALUES ('musique1A','musique2AC',2,60);
INSERT INTO  transfers  VALUES ('musique2AC','musique1A',2,60);
INSERT INTO  transfers  VALUES ('musique1C','musique2AC',2,120);
INSERT INTO  transfers  VALUES ('musique2AC','musique1C',2,120);
INSERT INTO  transfers  VALUES ('musique1C','musique1A',2,120);
INSERT INTO  transfers  VALUES ('musique1A','musique1C',2,120);
INSERT INTO  transfers  VALUES ('madeleine1AC','madeleine2AC',2,60);
INSERT INTO  transfers  VALUES ('madeleine2AC','madeleine1AC',2,60);
INSERT INTO  stop_times  VALUES ('Acav1','08:40:00','08:40:00','sncf',1,0,0);
INSERT INTO  stop_times  VALUES ('Acav1','08:44:00','08:44:00','repu',2,0,0);
INSERT INTO  stop_times  VALUES ('Acav1','08:47:00','08:47:00','delattre',3,0,0);
INSERT INTO  stop_times  VALUES ('Acav1','08:49:00','08:49:00','salvetteAC',4,0,0);
INSERT INTO  stop_times  VALUES ('Acav1','08:51:00','08:51:00','madeleine1AC',5,0,0);
INSERT INTO  stop_times  VALUES ('Acav1','08:52:00','08:52:00','musique1A',6,0,0);
INSERT INTO  stop_times  VALUES ('Acav1','08:53:00','08:53:00','sicard1A',7,0,0);
INSERT INTO  stop_times  VALUES ('Acav1','08:55:00','08:55:00','briand1',8,0,0);
INSERT INTO  stop_times  VALUES ('Acav1','08:58:00','08:58:00','croze1',9,0,0);
INSERT INTO  stop_times  VALUES ('Acav1','08:59:00','08:59:00','bordeaux1',10,0,0);
INSERT INTO  stop_times  VALUES ('Acav1','09:00:00','09:00:00','cavaille',11,0,0);
INSERT INTO  stop_times  VALUES ('Acav2','09:40:00','09:40:00','sncf',1,0,0);
INSERT INTO  stop_times  VALUES ('Acav2','09:44:00','09:44:00','repu',2,0,0);
INSERT INTO  stop_times  VALUES ('Acav2','09:47:00','09:47:00','delattre',3,0,0);
INSERT INTO  stop_times  VALUES ('Acav2','09:49:00','09:49:00','salvetteAC',4,0,0);
INSERT INTO  stop_times  VALUES ('Acav2','09:51:00','09:51:00','madeleine1AC',5,0,0);
INSERT INTO  stop_times  VALUES ('Acav2','09:52:00','09:52:00','musique1A',6,0,0);
INSERT INTO  stop_times  VALUES ('Acav2','09:53:00','09:53:00','sicard1A',7,0,0);
INSERT INTO  stop_times  VALUES ('Acav2','09:55:00','09:55:00','briand1',8,0,0);
INSERT INTO  stop_times  VALUES ('Acav2','09:58:00','09:58:00','croze1',9,0,0);
INSERT INTO  stop_times  VALUES ('Acav2','09:59:00','09:59:00','bordeaux1',10,0,0);
INSERT INTO  stop_times  VALUES ('Acav2','10:00:00','10:00:00','cavaille',11,0,0);
INSERT INTO  stop_times  VALUES ('Acav3','10:45:00','10:45:00','sncf',1,0,0);
INSERT INTO  stop_times  VALUES ('Acav3','10:49:00','10:49:00','salvetteAC',2,0,0);
INSERT INTO  stop_times  VALUES ('Acav3','10:51:00','10:51:00','madeleine1AC',3,0,0);
INSERT INTO  stop_times  VALUES ('Acav3','10:52:00','10:52:00','musique1A',4,0,0);
INSERT INTO  stop_times  VALUES ('Acav3','10:53:00','10:53:00','sicard1A',5,0,0);
INSERT INTO  stop_times  VALUES ('Acav3','10:55:00','10:55:00','briand1',6,0,0);
INSERT INTO  stop_times  VALUES ('Acav3','10:58:00','10:58:00','croze1',7,0,0);
INSERT INTO  stop_times  VALUES ('Acav3','10:59:00','10:59:00','bordeaux1',8,0,0);
INSERT INTO  stop_times  VALUES ('Acav3','11:00:00','11:00:00','cavaille',9,0,0);
INSERT INTO  stop_times  VALUES ('Acav4','11:40:00','11:40:00','sncf',1,0,0);
INSERT INTO  stop_times  VALUES ('Acav4','11:44:00','11:44:00','repu',2,0,0);
INSERT INTO  stop_times  VALUES ('Acav4','11:47:00','11:47:00','delattre',3,0,0);
INSERT INTO  stop_times  VALUES ('Acav4','11:49:00','11:49:00','salvetteAC',4,0,0);
INSERT INTO  stop_times  VALUES ('Acav4','11:51:00','11:51:00','madeleine1AC',5,0,0);
INSERT INTO  stop_times  VALUES ('Acav4','11:52:00','11:52:00','musique1A',6,0,0);
INSERT INTO  stop_times  VALUES ('Acav4','11:53:00','11:53:00','sicard1A',7,0,0);
INSERT INTO  stop_times  VALUES ('Acav4','11:55:00','11:55:00','briand1',8,0,0);
INSERT INTO  stop_times  VALUES ('Acav4','11:58:00','11:58:00','croze1',9,0,0);
INSERT INTO  stop_times  VALUES ('Acav4','11:59:00','11:59:00','bordeaux1',10,0,0);
INSERT INTO  stop_times  VALUES ('Acav4','12:00:00','12:00:00','cavaille',11,0,0);
INSERT INTO  stop_times  VALUES ('Acav5','12:40:00','12:40:00','sncf',1,0,0);
INSERT INTO  stop_times  VALUES ('Acav5','12:44:00','12:44:00','repu',2,0,0);
INSERT INTO  stop_times  VALUES ('Acav5','12:47:00','12:47:00','delattre',3,0,0);
INSERT INTO  stop_times  VALUES ('Acav5','12:49:00','12:49:00','salvetteAC',4,0,0);
INSERT INTO  stop_times  VALUES ('Acav5','12:51:00','12:51:00','madeleine1AC',5,0,0);
INSERT INTO  stop_times  VALUES ('Acav5','12:52:00','12:52:00','musique1A',6,0,0);
INSERT INTO  stop_times  VALUES ('Acav5','12:53:00','12:53:00','sicard1A',7,0,0);
INSERT INTO  stop_times  VALUES ('Acav5','12:55:00','12:55:00','briand1',8,0,0);
INSERT INTO  stop_times  VALUES ('Acav5','12:58:00','12:58:00','croze1',9,0,0);
INSERT INTO  stop_times  VALUES ('Acav5','12:59:00','12:59:00','bordeaux1',10,0,0);
INSERT INTO  stop_times  VALUES ('Acav5','13:00:00','13:00:00','cavaille',11,0,0);
INSERT INTO  stop_times  VALUES ('Acav6','13:40:00','13:40:00','sncf',1,0,0);
INSERT INTO  stop_times  VALUES ('Acav6','13:44:00','13:44:00','repu',2,0,0);
INSERT INTO  stop_times  VALUES ('Acav6','13:47:00','13:47:00','delattre',3,0,0);
INSERT INTO  stop_times  VALUES ('Acav6','13:49:00','13:49:00','salvetteAC',4,0,0);
INSERT INTO  stop_times  VALUES ('Acav6','13:51:00','13:51:00','madeleine1AC',5,0,0);
INSERT INTO  stop_times  VALUES ('Acav6','13:52:00','13:52:00','musique1A',6,0,0);
INSERT INTO  stop_times  VALUES ('Acav6','13:53:00','13:53:00','sicard1A',7,0,0);
INSERT INTO  stop_times  VALUES ('Acav6','13:55:00','13:55:00','briand1',8,0,0);
INSERT INTO  stop_times  VALUES ('Acav6','13:58:00','13:58:00','croze1',9,0,0);
INSERT INTO  stop_times  VALUES ('Acav6','13:59:00','13:59:00','bordeaux1',10,0,0);
INSERT INTO  stop_times  VALUES ('Acav6','14:00:00','14:00:00','cavaille',11,0,0);
INSERT INTO  stop_times  VALUES ('Acav7','14:40:00','14:40:00','sncf',1,0,0);
INSERT INTO  stop_times  VALUES ('Acav7','14:44:00','14:44:00','repu',2,0,0);
INSERT INTO  stop_times  VALUES ('Acav7','14:47:00','14:47:00','delattre',3,0,0);
INSERT INTO  stop_times  VALUES ('Acav7','14:49:00','14:49:00','salvetteAC',4,0,0);
INSERT INTO  stop_times  VALUES ('Acav7','14:51:00','14:51:00','madeleine1AC',5,0,0);
INSERT INTO  stop_times  VALUES ('Acav7','14:52:00','14:52:00','musique1A',6,0,0);
INSERT INTO  stop_times  VALUES ('Acav7','14:53:00','14:53:00','sicard1A',7,0,0);
INSERT INTO  stop_times  VALUES ('Acav7','14:55:00','14:55:00','briand1',8,0,0);
INSERT INTO  stop_times  VALUES ('Acav7','14:58:00','14:58:00','croze1',9,0,0);
INSERT INTO  stop_times  VALUES ('Acav7','14:59:00','14:59:00','bordeaux1',10,0,0);
INSERT INTO  stop_times  VALUES ('Acav7','15:00:00','15:00:00','cavaille',11,0,0);
INSERT INTO  stop_times  VALUES ('Acav8','15:30:00','15:30:00','sncf',1,0,0);
INSERT INTO  stop_times  VALUES ('Acav8','15:34:00','15:34:00','repu',2,0,0);
INSERT INTO  stop_times  VALUES ('Acav8','15:37:00','15:37:00','delattre',3,0,0);
INSERT INTO  stop_times  VALUES ('Acav8','15:39:00','15:39:00','salvetteAC',4,0,0);
INSERT INTO  stop_times  VALUES ('Acav8','15:41:00','15:41:00','madeleine1AC',5,0,0);
INSERT INTO  stop_times  VALUES ('Acav8','15:42:00','15:42:00','musique1A',6,0,0);
INSERT INTO  stop_times  VALUES ('Acav8','15:43:00','15:43:00','sicard1A',7,0,0);
INSERT INTO  stop_times  VALUES ('Acav8','15:45:00','15:45:00','briand1',8,0,0);
INSERT INTO  stop_times  VALUES ('Acav8','15:48:00','15:48:00','croze1',9,0,0);
INSERT INTO  stop_times  VALUES ('Acav8','15:49:00','15:49:00','bordeaux1',10,0,0);
INSERT INTO  stop_times  VALUES ('Acav8','15:50:00','15:50:00','cavaille',11,0,0);
INSERT INTO  stop_times  VALUES ('Acav9','16:15:00','16:15:00','sncf',1,0,0);
INSERT INTO  stop_times  VALUES ('Acav9','16:19:00','16:19:00','salvetteAC',2,0,0);
INSERT INTO  stop_times  VALUES ('Acav9','16:21:00','16:21:00','madeleine1AC',3,0,0);
INSERT INTO  stop_times  VALUES ('Acav9','16:22:00','16:22:00','musique1A',4,0,0);
INSERT INTO  stop_times  VALUES ('Acav9','16:23:00','16:23:00','sicard1A',5,0,0);
INSERT INTO  stop_times  VALUES ('Acav9','16:25:00','16:25:00','briand1',6,0,0);
INSERT INTO  stop_times  VALUES ('Acav9','16:28:00','16:28:00','croze1',7,0,0);
INSERT INTO  stop_times  VALUES ('Acav9','16:29:00','16:29:00','bordeaux1',8,0,0);
INSERT INTO  stop_times  VALUES ('Acav9','16:30:00','16:30:00','cavaille',9,0,0);
INSERT INTO  stop_times  VALUES ('Acav10','17:15:00','17:15:00','sncf',1,0,0);
INSERT INTO  stop_times  VALUES ('Acav10','17:19:00','17:19:00','repu',2,0,0);
INSERT INTO  stop_times  VALUES ('Acav10','17:22:00','17:22:00','delattre',3,0,0);
INSERT INTO  stop_times  VALUES ('Acav10','17:24:00','17:24:00','salvetteAC',4,0,0);
INSERT INTO  stop_times  VALUES ('Acav10','17:26:00','17:26:00','madeleine1AC',5,0,0);
INSERT INTO  stop_times  VALUES ('Acav10','17:27:00','17:27:00','musique1A',6,0,0);
INSERT INTO  stop_times  VALUES ('Acav10','17:28:00','17:28:00','sicard1A',7,0,0);
INSERT INTO  stop_times  VALUES ('Acav10','17:30:00','17:30:00','briand1',8,0,0);
INSERT INTO  stop_times  VALUES ('Acav10','17:33:00','17:33:00','croze1',9,0,0);
INSERT INTO  stop_times  VALUES ('Acav10','17:34:00','17:34:00','bordeaux1',10,0,0);
INSERT INTO  stop_times  VALUES ('Acav10','17:35:00','17:35:00','cavaille',11,0,0);
INSERT INTO  stop_times  VALUES ('Acav11','18:20:00','18:20:00','sncf',1,0,0);
INSERT INTO  stop_times  VALUES ('Acav11','18:24:00','18:24:00','repu',2,0,0);
INSERT INTO  stop_times  VALUES ('Acav11','18:27:00','18:27:00','delattre',3,0,0);
INSERT INTO  stop_times  VALUES ('Acav11','18:29:00','18:29:00','salvetteAC',4,0,0);
INSERT INTO  stop_times  VALUES ('Acav11','18:30:00','18:30:00','madeleine1AC',5,0,0);
INSERT INTO  stop_times  VALUES ('Acav11','18:31:00','18:31:00','musique1A',6,0,0);
INSERT INTO  stop_times  VALUES ('Acav11','18:32:00','18:32:00','sicard1A',7,0,0);
INSERT INTO  stop_times  VALUES ('Acav11','18:34:00','18:34:00','briand1',8,0,0);
INSERT INTO  stop_times  VALUES ('Acav11','18:37:00','18:37:00','croze1',9,0,0);
INSERT INTO  stop_times  VALUES ('Acav11','18:38:00','18:38:00','bordeaux1',10,0,0);
INSERT INTO  stop_times  VALUES ('Acav11','18:39:00','18:39:00','cavaille',11,0,0);
INSERT INTO  stop_times  VALUES ('Asncf1','09:05:00','09:05:00','cavaille',1,0,0);
INSERT INTO  stop_times  VALUES ('Asncf1','09:06:00','09:06:00','bordeaux2',2,0,0);
INSERT INTO  stop_times  VALUES ('Asncf1','09:07:00','09:07:00','croze2',3,0,0);
INSERT INTO  stop_times  VALUES ('Asncf1','09:09:00','09:09:00','briand2',4,0,0);
INSERT INTO  stop_times  VALUES ('Asncf1','09:11:00','09:11:00','sicard2AC',5,0,0);
INSERT INTO  stop_times  VALUES ('Asncf1','09:12:00','09:12:00','musique2AC',6,0,0);
INSERT INTO  stop_times  VALUES ('Asncf1','09:14:00','09:14:00','madeleine2AC',7,0,0);
INSERT INTO  stop_times  VALUES ('Asncf1','09:16:00','09:16:00','hotelAC',8,0,0);
INSERT INTO  stop_times  VALUES ('Asncf1','09:18:00','09:18:00','delattre',9,0,0);
INSERT INTO  stop_times  VALUES ('Asncf1','09:20:00','09:20:00','ferry',10,0,0);
INSERT INTO  stop_times  VALUES ('Asncf1','09:22:00','09:22:00','repu',11,0,0);
INSERT INTO  stop_times  VALUES ('Asncf1','09:25:00','09:25:00','sncf',12,0,0);
INSERT INTO  stop_times  VALUES ('Asncf2','10:05:00','10:05:00','cavaille',1,0,0);
INSERT INTO  stop_times  VALUES ('Asncf2','10:06:00','10:06:00','bordeaux2',2,0,0);
INSERT INTO  stop_times  VALUES ('Asncf2','10:07:00','10:07:00','croze2',3,0,0);
INSERT INTO  stop_times  VALUES ('Asncf2','10:09:00','10:09:00','briand2',4,0,0);
INSERT INTO  stop_times  VALUES ('Asncf2','10:11:00','10:11:00','sicard2AC',5,0,0);
INSERT INTO  stop_times  VALUES ('Asncf2','10:12:00','10:12:00','musique2AC',6,0,0);
INSERT INTO  stop_times  VALUES ('Asncf2','10:14:00','10:14:00','madeleine2AC',7,0,0);
INSERT INTO  stop_times  VALUES ('Asncf2','10:16:00','10:16:00','hotelAC',8,0,0);
INSERT INTO  stop_times  VALUES ('Asncf2','10:18:00','10:18:00','delattre',9,0,0);
INSERT INTO  stop_times  VALUES ('Asncf2','10:20:00','10:20:00','ferry',10,0,0);
INSERT INTO  stop_times  VALUES ('Asncf2','10:22:00','10:22:00','repu',11,0,0);
INSERT INTO  stop_times  VALUES ('Asncf2','10:25:00','10:25:00','sncf',12,0,0);
INSERT INTO  stop_times  VALUES ('Asncf3','11:05:00','11:05:00','cavaille',1,0,0);
INSERT INTO  stop_times  VALUES ('Asncf3','11:06:00','11:06:00','bordeaux2',2,0,0);
INSERT INTO  stop_times  VALUES ('Asncf3','11:07:00','11:07:00','croze2',3,0,0);
INSERT INTO  stop_times  VALUES ('Asncf3','11:09:00','11:09:00','briand2',4,0,0);
INSERT INTO  stop_times  VALUES ('Asncf3','11:11:00','11:11:00','sicard2AC',5,0,0);
INSERT INTO  stop_times  VALUES ('Asncf3','11:12:00','11:12:00','musique2AC',6,0,0);
INSERT INTO  stop_times  VALUES ('Asncf3','11:14:00','11:14:00','madeleine2AC',7,0,0);
INSERT INTO  stop_times  VALUES ('Asncf3','11:16:00','11:16:00','hotelAC',8,0,0);
INSERT INTO  stop_times  VALUES ('Asncf3','11:18:00','11:18:00','delattre',9,0,0);
INSERT INTO  stop_times  VALUES ('Asncf3','11:20:00','11:20:00','ferry',10,0,0);
INSERT INTO  stop_times  VALUES ('Asncf3','11:22:00','11:22:00','repu',11,0,0);
INSERT INTO  stop_times  VALUES ('Asncf3','11:25:00','11:25:00','sncf',12,0,0);
INSERT INTO  stop_times  VALUES ('Asncf4','12:05:00','12:05:00','cavaille',1,0,0);
INSERT INTO  stop_times  VALUES ('Asncf4','12:06:00','12:06:00','bordeaux2',2,0,0);
INSERT INTO  stop_times  VALUES ('Asncf4','12:07:00','12:07:00','croze2',3,0,0);
INSERT INTO  stop_times  VALUES ('Asncf4','12:09:00','12:09:00','briand2',4,0,0);
INSERT INTO  stop_times  VALUES ('Asncf4','12:11:00','12:11:00','sicard2AC',5,0,0);
INSERT INTO  stop_times  VALUES ('Asncf4','12:12:00','12:12:00','musique2AC',6,0,0);
INSERT INTO  stop_times  VALUES ('Asncf4','12:14:00','12:14:00','madeleine2AC',7,0,0);
INSERT INTO  stop_times  VALUES ('Asncf4','12:16:00','12:16:00','hotelAC',8,0,0);
INSERT INTO  stop_times  VALUES ('Asncf4','12:18:00','12:18:00','delattre',9,0,0);
INSERT INTO  stop_times  VALUES ('Asncf4','12:20:00','12:20:00','ferry',10,0,0);
INSERT INTO  stop_times  VALUES ('Asncf4','12:22:00','12:22:00','repu',11,0,0);
INSERT INTO  stop_times  VALUES ('Asncf4','12:25:00','12:25:00','sncf',12,0,0);
INSERT INTO  stop_times  VALUES ('Asncf5','13:05:00','13:05:00','cavaille',1,0,0);
INSERT INTO  stop_times  VALUES ('Asncf5','13:06:00','13:06:00','bordeaux2',2,0,0);
INSERT INTO  stop_times  VALUES ('Asncf5','13:07:00','13:07:00','croze2',3,0,0);
INSERT INTO  stop_times  VALUES ('Asncf5','13:09:00','13:09:00','briand2',4,0,0);
INSERT INTO  stop_times  VALUES ('Asncf5','13:11:00','13:11:00','sicard2AC',5,0,0);
INSERT INTO  stop_times  VALUES ('Asncf5','13:12:00','13:12:00','musique2AC',6,0,0);
INSERT INTO  stop_times  VALUES ('Asncf5','13:14:00','13:14:00','madeleine2AC',7,0,0);
INSERT INTO  stop_times  VALUES ('Asncf5','13:16:00','13:16:00','hotelAC',8,0,0);
INSERT INTO  stop_times  VALUES ('Asncf5','13:18:00','13:18:00','delattre',9,0,0);
INSERT INTO  stop_times  VALUES ('Asncf5','13:20:00','13:20:00','ferry',10,0,0);
INSERT INTO  stop_times  VALUES ('Asncf5','13:22:00','13:22:00','repu',11,0,0);
INSERT INTO  stop_times  VALUES ('Asncf5','13:25:00','13:25:00','sncf',12,0,0);
INSERT INTO  stop_times  VALUES ('Asncf6','14:05:00','14:05:00','cavaille',1,0,0);
INSERT INTO  stop_times  VALUES ('Asncf6','14:06:00','14:06:00','bordeaux2',2,0,0);
INSERT INTO  stop_times  VALUES ('Asncf6','14:07:00','14:07:00','croze2',3,0,0);
INSERT INTO  stop_times  VALUES ('Asncf6','14:09:00','14:09:00','briand2',4,0,0);
INSERT INTO  stop_times  VALUES ('Asncf6','14:11:00','14:11:00','sicard2AC',5,0,0);
INSERT INTO  stop_times  VALUES ('Asncf6','14:12:00','14:12:00','musique2AC',6,0,0);
INSERT INTO  stop_times  VALUES ('Asncf6','14:14:00','14:14:00','madeleine2AC',7,0,0);
INSERT INTO  stop_times  VALUES ('Asncf6','14:16:00','14:16:00','hotelAC',8,0,0);
INSERT INTO  stop_times  VALUES ('Asncf6','14:18:00','14:18:00','delattre',9,0,0);
INSERT INTO  stop_times  VALUES ('Asncf6','14:20:00','14:20:00','ferry',10,0,0);
INSERT INTO  stop_times  VALUES ('Asncf6','14:22:00','14:22:00','repu',11,0,0);
INSERT INTO  stop_times  VALUES ('Asncf6','14:25:00','14:25:00','sncf',12,0,0);
INSERT INTO  stop_times  VALUES ('Asncf7','15:05:00','15:05:00','cavaille',1,0,0);
INSERT INTO  stop_times  VALUES ('Asncf7','15:06:00','15:06:00','bordeaux2',2,0,0);
INSERT INTO  stop_times  VALUES ('Asncf7','15:07:00','15:07:00','croze2',3,0,0);
INSERT INTO  stop_times  VALUES ('Asncf7','15:09:00','15:09:00','briand2',4,0,0);
INSERT INTO  stop_times  VALUES ('Asncf7','15:11:00','15:11:00','sicard2AC',5,0,0);
INSERT INTO  stop_times  VALUES ('Asncf7','15:12:00','15:12:00','musique2AC',6,0,0);
INSERT INTO  stop_times  VALUES ('Asncf7','15:14:00','15:14:00','madeleine2AC',7,0,0);
INSERT INTO  stop_times  VALUES ('Asncf7','15:16:00','15:16:00','hotelAC',8,0,0);
INSERT INTO  stop_times  VALUES ('Asncf7','15:18:00','15:18:00','delattre',9,0,0);
INSERT INTO  stop_times  VALUES ('Asncf7','15:20:00','15:20:00','ferry',10,0,0);
INSERT INTO  stop_times  VALUES ('Asncf7','15:25:00','15:25:00','sncf',11,0,0);
INSERT INTO  stop_times  VALUES ('Asncf8','15:55:00','15:55:00','cavaille',1,0,0);
INSERT INTO  stop_times  VALUES ('Asncf8','15:56:00','15:56:00','bordeaux2',2,0,0);
INSERT INTO  stop_times  VALUES ('Asncf8','15:57:00','15:57:00','croze2',3,0,0);
INSERT INTO  stop_times  VALUES ('Asncf8','15:59:00','15:59:00','briand2',4,0,0);
INSERT INTO  stop_times  VALUES ('Asncf8','16:01:00','16:01:00','sicard2AC',5,0,0);
INSERT INTO  stop_times  VALUES ('Asncf8','16:02:00','16:02:00','musique2AC',6,0,0);
INSERT INTO  stop_times  VALUES ('Asncf8','16:04:00','16:04:00','madeleine2AC',7,0,0);
INSERT INTO  stop_times  VALUES ('Asncf8','16:06:00','16:06:00','hotelAC',8,0,0);
INSERT INTO  stop_times  VALUES ('Asncf8','16:08:00','16:08:00','delattre',9,0,0);
INSERT INTO  stop_times  VALUES ('Asncf8','16:10:00','16:10:00','ferry',10,0,0);
INSERT INTO  stop_times  VALUES ('Asncf8','16:15:00','16:15:00','sncf',11,0,0);
INSERT INTO  stop_times  VALUES ('Asncf9','16:30:00','16:30:00','cavaille',1,0,0);
INSERT INTO  stop_times  VALUES ('Asncf9','16:31:00','16:31:00','bordeaux2',2,0,0);
INSERT INTO  stop_times  VALUES ('Asncf9','16:32:00','16:32:00','croze2',3,0,0);
INSERT INTO  stop_times  VALUES ('Asncf9','16:34:00','16:34:00','briand2',4,0,0);
INSERT INTO  stop_times  VALUES ('Asncf9','16:36:00','16:36:00','sicard2AC',5,0,0);
INSERT INTO  stop_times  VALUES ('Asncf9','16:37:00','16:37:00','musique2AC',6,0,0);
INSERT INTO  stop_times  VALUES ('Asncf9','16:39:00','16:39:00','madeleine2AC',7,0,0);
INSERT INTO  stop_times  VALUES ('Asncf9','16:41:00','16:41:00','hotelAC',8,0,0);
INSERT INTO  stop_times  VALUES ('Asncf9','16:50:00','16:50:00','sncf',9,0,0);
INSERT INTO  stop_times  VALUES ('Asncf10','17:45:00','17:45:00','cavaille',1,0,0);
INSERT INTO  stop_times  VALUES ('Asncf10','17:46:00','17:46:00','bordeaux2',2,0,0);
INSERT INTO  stop_times  VALUES ('Asncf10','17:47:00','17:47:00','croze2',3,0,0);
INSERT INTO  stop_times  VALUES ('Asncf10','17:48:00','17:48:00','briand2',4,0,0);
INSERT INTO  stop_times  VALUES ('Asncf10','17:50:00','17:50:00','sicard2AC',5,0,0);
INSERT INTO  stop_times  VALUES ('Asncf10','17:51:00','17:51:00','musique2AC',6,0,0);
INSERT INTO  stop_times  VALUES ('Asncf10','17:53:00','17:53:00','madeleine2AC',7,0,0);
INSERT INTO  stop_times  VALUES ('Asncf10','17:55:00','17:55:00','hotelAC',8,0,0);
INSERT INTO  stop_times  VALUES ('Asncf10','17:57:00','17:57:00','delattre',9,0,0);
INSERT INTO  stop_times  VALUES ('Asncf10','17:59:00','17:59:00','ferry',10,0,0);
INSERT INTO  stop_times  VALUES ('Asncf10','18:01:00','18:01:00','repu',11,0,0);
INSERT INTO  stop_times  VALUES ('Asncf10','18:05:00','18:05:00','sncf',12,0,0);
INSERT INTO  stop_times  VALUES ('Asncf11','18:50:00','18:50:00','cavaille',1,0,0);
INSERT INTO  stop_times  VALUES ('Asncf11','18:51:00','18:51:00','bordeaux2',2,0,0);
INSERT INTO  stop_times  VALUES ('Asncf11','18:52:00','18:52:00','croze2',3,0,0);
INSERT INTO  stop_times  VALUES ('Asncf11','18:53:00','18:53:00','briand2',4,0,0);
INSERT INTO  stop_times  VALUES ('Asncf11','18:55:00','18:55:00','sicard2AC',5,0,0);
INSERT INTO  stop_times  VALUES ('Asncf11','18:56:00','18:56:00','musique2AC',6,0,0);
INSERT INTO  stop_times  VALUES ('Asncf11','18:58:00','18:58:00','madeleine2AC',7,0,0);
INSERT INTO  stop_times  VALUES ('Asncf11','19:00:00','19:00:00','hotelAC',8,0,0);
INSERT INTO  stop_times  VALUES ('Asncf11','19:10:00','19:10:00','sncf',9,0,0);
INSERT INTO  stop_times  VALUES ('B1','08:15:00','08:15:00','chanzy',1,0,0);
INSERT INTO  stop_times  VALUES ('B1','08:16:00','08:16:00','jeanne',2,0,0);
INSERT INTO  stop_times  VALUES ('B1','08:17:00','08:17:00','hopital',3,0,0);
INSERT INTO  stop_times  VALUES ('B1','08:18:00','08:18:00','bellay',4,0,0);
INSERT INTO  stop_times  VALUES ('B1','08:19:00','08:19:00','guilbeaud',5,0,0);
INSERT INTO  stop_times  VALUES ('B1','08:23:00','08:23:00','sncf',6,0,0);
INSERT INTO  stop_times  VALUES ('B1','08:26:00','08:26:00','repu',7,0,0);
INSERT INTO  stop_times  VALUES ('B1','08:28:00','08:28:00','delattre',8,0,0);
INSERT INTO  stop_times  VALUES ('B1','08:31:00','08:31:00','loupias',9,0,0);
INSERT INTO  stop_times  VALUES ('B1','08:33:00','08:33:00','berthelot',10,0,0);
INSERT INTO  stop_times  VALUES ('B1','08:36:00','08:36:00','sevigne2',11,0,0);
INSERT INTO  stop_times  VALUES ('B1','08:37:00','08:37:00','sevigne',12,0,0);
INSERT INTO  stop_times  VALUES ('B1','08:38:00','08:38:00','bergson',13,0,0);
INSERT INTO  stop_times  VALUES ('B1','08:41:00','08:41:00','roux',14,0,0);
INSERT INTO  stop_times  VALUES ('B1','08:43:00','08:43:00','rouxouest',15,0,0);
INSERT INTO  stop_times  VALUES ('B1','08:44:00','08:44:00','devier',16,0,0);
INSERT INTO  stop_times  VALUES ('B1','08:45:00','08:45:00','force',17,0,0);
INSERT INTO  stop_times  VALUES ('B1','08:48:00','08:48:00','bernard',18,0,0);
INSERT INTO  stop_times  VALUES ('B1','08:49:00','08:49:00','coulanges',19,0,0);
INSERT INTO  stop_times  VALUES ('B1','08:50:00','08:50:00','danias',20,0,0);
INSERT INTO  stop_times  VALUES ('B1','08:51:00','08:51:00','caville',21,0,0);
INSERT INTO  stop_times  VALUES ('B1','08:52:00','08:52:00','lumiere',22,0,0);
INSERT INTO  stop_times  VALUES ('B1','08:53:00','08:53:00','brenil',23,0,0);
INSERT INTO  stop_times  VALUES ('B1','08:54:00','08:54:00','joli',24,0,0);
INSERT INTO  stop_times  VALUES ('B1','08:55:00','08:55:00','cattenord',25,0,0);
INSERT INTO  stop_times  VALUES ('B1','08:56:00','08:56:00','catte',26,0,0);
INSERT INTO  stop_times  VALUES ('B1','08:57:00','08:57:00','aubertie',27,0,0);
INSERT INTO  stop_times  VALUES ('B1','08:58:00','08:58:00','coicaud',28,0,0);
INSERT INTO  stop_times  VALUES ('B1','08:59:00','08:59:00','brazza',29,0,0);
INSERT INTO  stop_times  VALUES ('B1','09:00:00','09:00:00','montesquieu',30,0,0);
INSERT INTO  stop_times  VALUES ('B1','09:01:00','09:01:00','lisle',31,0,0);
INSERT INTO  stop_times  VALUES ('B1','09:02:00','09:02:00','boetie',32,0,0);
INSERT INTO  stop_times  VALUES ('B1','09:03:00','09:03:00','durou',33,0,0);
INSERT INTO  stop_times  VALUES ('B1','09:06:00','09:06:00','gambettaBC',34,0,0);
INSERT INTO  stop_times  VALUES ('B1','09:07:00','09:07:00','delattre',35,0,0);
INSERT INTO  stop_times  VALUES ('B2','10:25:00','10:25:00','sncf',1,0,0);
INSERT INTO  stop_times  VALUES ('B2','10:27:00','10:27:00','repu',2,0,0);
INSERT INTO  stop_times  VALUES ('B2','10:28:00','10:28:00','delattre',3,0,0);
INSERT INTO  stop_times  VALUES ('B2','10:31:00','10:31:00','loupias',4,0,0);
INSERT INTO  stop_times  VALUES ('B2','10:33:00','10:33:00','berthelot',5,0,0);
INSERT INTO  stop_times  VALUES ('B2','10:36:00','10:36:00','sevigne2',6,0,0);
INSERT INTO  stop_times  VALUES ('B2','10:37:00','10:37:00','sevigne',7,0,0);
INSERT INTO  stop_times  VALUES ('B2','10:38:00','10:38:00','bergson',8,0,0);
INSERT INTO  stop_times  VALUES ('B2','10:41:00','10:41:00','roux',9,0,0);
INSERT INTO  stop_times  VALUES ('B2','10:43:00','10:43:00','rouxouest',10,0,0);
INSERT INTO  stop_times  VALUES ('B2','10:44:00','10:44:00','devier',11,0,0);
INSERT INTO  stop_times  VALUES ('B2','10:45:00','10:45:00','force',12,0,0);
INSERT INTO  stop_times  VALUES ('B2','10:48:00','10:48:00','bernard',13,0,0);
INSERT INTO  stop_times  VALUES ('B2','10:49:00','10:49:00','coulanges',14,0,0);
INSERT INTO  stop_times  VALUES ('B2','10:50:00','10:50:00','danias',15,0,0);
INSERT INTO  stop_times  VALUES ('B2','10:51:00','10:51:00','caville',16,0,0);
INSERT INTO  stop_times  VALUES ('B2','10:52:00','10:52:00','lumiere',17,0,0);
INSERT INTO  stop_times  VALUES ('B2','10:53:00','10:53:00','brenil',18,0,0);
INSERT INTO  stop_times  VALUES ('B2','10:54:00','10:54:00','joli',19,0,0);
INSERT INTO  stop_times  VALUES ('B2','10:55:00','10:55:00','cattenord',20,0,0);
INSERT INTO  stop_times  VALUES ('B2','10:56:00','10:56:00','catte',21,0,0);
INSERT INTO  stop_times  VALUES ('B2','10:57:00','10:57:00','aubertie',22,0,0);
INSERT INTO  stop_times  VALUES ('B2','10:58:00','10:58:00','coicaud',23,0,0);
INSERT INTO  stop_times  VALUES ('B2','10:59:00','10:59:00','brazza',24,0,0);
INSERT INTO  stop_times  VALUES ('B2','11:00:00','11:00:00','montesquieu',25,0,0);
INSERT INTO  stop_times  VALUES ('B2','11:01:00','11:01:00','lisle',26,0,0);
INSERT INTO  stop_times  VALUES ('B2','11:02:00','11:02:00','boetie',27,0,0);
INSERT INTO  stop_times  VALUES ('B2','11:03:00','11:03:00','durou',28,0,0);
INSERT INTO  stop_times  VALUES ('B2','11:06:00','11:06:00','gambettaBC',29,0,0);
INSERT INTO  stop_times  VALUES ('B2','11:07:00','11:07:00','delattre',30,0,0);
INSERT INTO  stop_times  VALUES ('B2','11:11:00','11:11:00','repu',31,0,0);
INSERT INTO  stop_times  VALUES ('B2','11:14:00','11:14:00','jeanne',32,0,0);
INSERT INTO  stop_times  VALUES ('B2','11:15:00','11:15:00','hopital',33,0,0);
INSERT INTO  stop_times  VALUES ('B2','11:16:00','11:16:00','bellay',34,0,0);
INSERT INTO  stop_times  VALUES ('B2','11:17:00','11:17:00','guilbeaud',35,0,0);
INSERT INTO  stop_times  VALUES ('B2','11:24:00','11:24:00','delattre',36,0,0);
INSERT INTO  stop_times  VALUES ('B2','11:27:00','11:27:00','sncf',37,0,0);
INSERT INTO  stop_times  VALUES ('B3','13:15:00','13:15:00','chanzy',1,0,0);
INSERT INTO  stop_times  VALUES ('B3','13:16:00','13:16:00','jeanne',2,0,0);
INSERT INTO  stop_times  VALUES ('B3','13:17:00','13:17:00','hopital',3,0,0);
INSERT INTO  stop_times  VALUES ('B3','13:18:00','13:18:00','bellay',4,0,0);
INSERT INTO  stop_times  VALUES ('B3','13:19:00','13:19:00','guilbeaud',5,0,0);
INSERT INTO  stop_times  VALUES ('B3','13:23:00','13:23:00','sncf',6,0,0);
INSERT INTO  stop_times  VALUES ('B3','13:26:00','13:26:00','repu',7,0,0);
INSERT INTO  stop_times  VALUES ('B3','13:28:00','13:28:00','delattre',8,0,0);
INSERT INTO  stop_times  VALUES ('B3','13:31:00','13:31:00','loupias',9,0,0);
INSERT INTO  stop_times  VALUES ('B3','13:33:00','13:33:00','berthelot',10,0,0);
INSERT INTO  stop_times  VALUES ('B3','13:36:00','13:36:00','sevigne2',11,0,0);
INSERT INTO  stop_times  VALUES ('B3','13:37:00','13:37:00','sevigne',12,0,0);
INSERT INTO  stop_times  VALUES ('B3','13:38:00','13:38:00','bergson',13,0,0);
INSERT INTO  stop_times  VALUES ('B3','13:41:00','13:41:00','roux',14,0,0);
INSERT INTO  stop_times  VALUES ('B3','13:43:00','13:43:00','rouxouest',15,0,0);
INSERT INTO  stop_times  VALUES ('B3','13:44:00','13:44:00','devier',16,0,0);
INSERT INTO  stop_times  VALUES ('B3','13:45:00','13:45:00','force',17,0,0);
INSERT INTO  stop_times  VALUES ('B3','13:48:00','13:48:00','bernard',18,0,0);
INSERT INTO  stop_times  VALUES ('B3','13:49:00','13:49:00','coulanges',19,0,0);
INSERT INTO  stop_times  VALUES ('B3','13:50:00','13:50:00','danias',20,0,0);
INSERT INTO  stop_times  VALUES ('B3','13:51:00','13:51:00','caville',21,0,0);
INSERT INTO  stop_times  VALUES ('B3','13:52:00','13:52:00','lumiere',22,0,0);
INSERT INTO  stop_times  VALUES ('B3','13:53:00','13:53:00','brenil',23,0,0);
INSERT INTO  stop_times  VALUES ('B3','13:54:00','13:54:00','joli',24,0,0);
INSERT INTO  stop_times  VALUES ('B3','13:55:00','13:55:00','cattenord',25,0,0);
INSERT INTO  stop_times  VALUES ('B3','13:56:00','13:56:00','catte',26,0,0);
INSERT INTO  stop_times  VALUES ('B3','13:57:00','13:57:00','aubertie',27,0,0);
INSERT INTO  stop_times  VALUES ('B3','13:58:00','13:58:00','coicaud',28,0,0);
INSERT INTO  stop_times  VALUES ('B3','13:59:00','13:59:00','brazza',29,0,0);
INSERT INTO  stop_times  VALUES ('B3','14:00:00','14:00:00','montesquieu',30,0,0);
INSERT INTO  stop_times  VALUES ('B3','14:01:00','14:01:00','lisle',31,0,0);
INSERT INTO  stop_times  VALUES ('B3','14:02:00','14:02:00','boetie',32,0,0);
INSERT INTO  stop_times  VALUES ('B3','14:03:00','14:03:00','durou',33,0,0);
INSERT INTO  stop_times  VALUES ('B3','14:06:00','14:06:00','gambettaBC',34,0,0);
INSERT INTO  stop_times  VALUES ('B3','14:07:00','14:07:00','delattre',35,0,0);
INSERT INTO  stop_times  VALUES ('B4','15:25:00','15:25:00','sncf',1,0,0);
INSERT INTO  stop_times  VALUES ('B4','15:27:00','15:27:00','repu',2,0,0);
INSERT INTO  stop_times  VALUES ('B4','15:28:00','15:28:00','delattre',3,0,0);
INSERT INTO  stop_times  VALUES ('B4','15:31:00','15:31:00','loupias',4,0,0);
INSERT INTO  stop_times  VALUES ('B4','15:33:00','15:33:00','berthelot',5,0,0);
INSERT INTO  stop_times  VALUES ('B4','15:36:00','15:36:00','sevigne2',6,0,0);
INSERT INTO  stop_times  VALUES ('B4','15:37:00','15:37:00','sevigne',7,0,0);
INSERT INTO  stop_times  VALUES ('B4','15:38:00','15:38:00','bergson',8,0,0);
INSERT INTO  stop_times  VALUES ('B4','15:41:00','15:41:00','roux',9,0,0);
INSERT INTO  stop_times  VALUES ('B4','15:43:00','15:43:00','rouxouest',10,0,0);
INSERT INTO  stop_times  VALUES ('B4','15:44:00','15:44:00','devier',11,0,0);
INSERT INTO  stop_times  VALUES ('B4','15:45:00','15:45:00','force',12,0,0);
INSERT INTO  stop_times  VALUES ('B4','15:48:00','15:48:00','bernard',13,0,0);
INSERT INTO  stop_times  VALUES ('B4','15:49:00','15:49:00','coulanges',14,0,0);
INSERT INTO  stop_times  VALUES ('B4','15:50:00','15:50:00','danias',15,0,0);
INSERT INTO  stop_times  VALUES ('B4','15:51:00','15:51:00','caville',16,0,0);
INSERT INTO  stop_times  VALUES ('B4','15:52:00','15:52:00','lumiere',17,0,0);
INSERT INTO  stop_times  VALUES ('B4','15:53:00','15:53:00','brenil',18,0,0);
INSERT INTO  stop_times  VALUES ('B4','15:54:00','15:54:00','joli',19,0,0);
INSERT INTO  stop_times  VALUES ('B4','15:55:00','15:55:00','cattenord',20,0,0);
INSERT INTO  stop_times  VALUES ('B4','15:56:00','15:56:00','catte',21,0,0);
INSERT INTO  stop_times  VALUES ('B4','15:57:00','15:57:00','aubertie',22,0,0);
INSERT INTO  stop_times  VALUES ('B4','15:58:00','15:58:00','coicaud',23,0,0);
INSERT INTO  stop_times  VALUES ('B4','15:59:00','15:59:00','brazza',24,0,0);
INSERT INTO  stop_times  VALUES ('B4','16:00:00','16:00:00','montesquieu',25,0,0);
INSERT INTO  stop_times  VALUES ('B4','16:01:00','16:01:00','lisle',26,0,0);
INSERT INTO  stop_times  VALUES ('B4','16:02:00','16:02:00','boetie',27,0,0);
INSERT INTO  stop_times  VALUES ('B4','16:03:00','16:03:00','durou',28,0,0);
INSERT INTO  stop_times  VALUES ('B4','16:06:00','16:06:00','gambettaBC',29,0,0);
INSERT INTO  stop_times  VALUES ('B4','16:07:00','16:07:00','delattre',30,0,0);
INSERT INTO  stop_times  VALUES ('B4','16:11:00','16:11:00','repu',31,0,0);
INSERT INTO  stop_times  VALUES ('B4','16:14:00','16:14:00','jeanne',32,0,0);
INSERT INTO  stop_times  VALUES ('B4','16:15:00','16:15:00','hopital',33,0,0);
INSERT INTO  stop_times  VALUES ('B4','16:16:00','16:16:00','bellay',34,0,0);
INSERT INTO  stop_times  VALUES ('B4','16:17:00','16:17:00','guilbeaud',35,0,0);
INSERT INTO  stop_times  VALUES ('B4','16:24:00','16:24:00','delattre',36,0,0);
INSERT INTO  stop_times  VALUES ('B4','16:27:00','16:27:00','sncf',37,0,0);
INSERT INTO  stop_times  VALUES ('C1','09:05:00','09:05:00','sncf',1,0,0);
INSERT INTO  stop_times  VALUES ('C1','09:07:00','09:07:00','gambettaBC',2,0,0);
INSERT INTO  stop_times  VALUES ('C1','09:08:00','09:08:00','salvetteAC',3,0,0);
INSERT INTO  stop_times  VALUES ('C1','09:10:00','09:10:00','madeleine1AC',4,0,0);
INSERT INTO  stop_times  VALUES ('C1','09:11:00','09:11:00','musique1C',5,0,0);
INSERT INTO  stop_times  VALUES ('C1','09:15:00','09:15:00','labatut',6,0,0);
INSERT INTO  stop_times  VALUES ('C1','09:16:00','09:16:00','beylive',7,0,0);
INSERT INTO  stop_times  VALUES ('C1','09:20:00','09:20:00','clairat',8,0,0);
INSERT INTO  stop_times  VALUES ('C1','09:21:00','09:21:00','apollinaire',9,0,0);
INSERT INTO  stop_times  VALUES ('C1','09:22:00','09:22:00','tounet',10,0,0);
INSERT INTO  stop_times  VALUES ('C1','09:23:00','09:23:00','vauthier',11,0,0);
INSERT INTO  stop_times  VALUES ('C1','09:24:00','09:24:00','marais',12,0,0);
INSERT INTO  stop_times  VALUES ('C1','09:25:00','09:25:00','bonnefond',13,0,0);
INSERT INTO  stop_times  VALUES ('C1','09:26:00','09:26:00','leydier',14,0,0);
INSERT INTO  stop_times  VALUES ('C1','09:27:00','09:27:00','leroy',15,0,0);
INSERT INTO  stop_times  VALUES ('C1','09:28:00','09:28:00','taillis',16,0,0);
INSERT INTO  stop_times  VALUES ('C1','09:29:00','09:29:00','lopofa',17,0,0);
INSERT INTO  stop_times  VALUES ('C1','09:30:00','09:30:00','capelle',18,0,0);
INSERT INTO  stop_times  VALUES ('C1','09:31:00','09:31:00','naillac',19,0,0);
INSERT INTO  stop_times  VALUES ('C1','09:32:00','09:32:00','sicard2AC',20,0,0);
INSERT INTO  stop_times  VALUES ('C1','09:33:00','09:33:00','musique2AC',21,0,0);
INSERT INTO  stop_times  VALUES ('C1','09:35:00','09:35:00','madeleine2AC',22,0,0);
INSERT INTO  stop_times  VALUES ('C1','09:37:00','09:37:00','hotelAC',23,0,0);
INSERT INTO  stop_times  VALUES ('C1','09:39:00','09:39:00','repu',24,0,0);
INSERT INTO  stop_times  VALUES ('C1','09:41:00','09:41:00','delattre',25,0,0);
INSERT INTO  stop_times  VALUES ('C2','11:20:00','11:20:00','sncf',1,0,0);
INSERT INTO  stop_times  VALUES ('C2','11:22:00','11:22:00','gambettaBC',2,0,0);
INSERT INTO  stop_times  VALUES ('C2','11:23:00','11:23:00','salvetteAC',3,0,0);
INSERT INTO  stop_times  VALUES ('C2','11:25:00','11:25:00','madeleine1AC',4,0,0);
INSERT INTO  stop_times  VALUES ('C2','11:26:00','11:26:00','musique1C',5,0,0);
INSERT INTO  stop_times  VALUES ('C2','11:30:00','11:30:00','labatut',6,0,0);
INSERT INTO  stop_times  VALUES ('C2','11:31:00','11:31:00','beylive',7,0,0);
INSERT INTO  stop_times  VALUES ('C2','11:35:00','11:35:00','clairat',8,0,0);
INSERT INTO  stop_times  VALUES ('C2','11:36:00','11:36:00','apollinaire',9,0,0);
INSERT INTO  stop_times  VALUES ('C2','11:37:00','11:37:00','tounet',10,0,0);
INSERT INTO  stop_times  VALUES ('C2','11:38:00','11:38:00','vauthier',11,0,0);
INSERT INTO  stop_times  VALUES ('C2','11:39:00','11:39:00','marais',12,0,0);
INSERT INTO  stop_times  VALUES ('C2','11:40:00','11:40:00','bonnefond',13,0,0);
INSERT INTO  stop_times  VALUES ('C2','11:41:00','11:41:00','leydier',14,0,0);
INSERT INTO  stop_times  VALUES ('C2','11:42:00','11:42:00','leroy',15,0,0);
INSERT INTO  stop_times  VALUES ('C2','11:43:00','11:43:00','taillis',16,0,0);
INSERT INTO  stop_times  VALUES ('C2','11:44:00','11:44:00','lopofa',17,0,0);
INSERT INTO  stop_times  VALUES ('C2','11:45:00','11:45:00','capelle',18,0,0);
INSERT INTO  stop_times  VALUES ('C2','11:46:00','11:46:00','naillac',19,0,0);
INSERT INTO  stop_times  VALUES ('C2','11:47:00','11:47:00','sicard2AC',20,0,0);
INSERT INTO  stop_times  VALUES ('C2','11:48:00','11:48:00','musique2AC',21,0,0);
INSERT INTO  stop_times  VALUES ('C2','11:50:00','11:50:00','madeleine2AC',22,0,0);
INSERT INTO  stop_times  VALUES ('C2','11:52:00','11:52:00','hotelAC',23,0,0);
INSERT INTO  stop_times  VALUES ('C2','11:54:00','11:54:00','repu',24,0,0);
INSERT INTO  stop_times  VALUES ('C2','11:56:00','11:56:00','delattre',25,0,0);
INSERT INTO  stop_times  VALUES ('C3','14:05:00','14:05:00','sncf',1,0,0);
INSERT INTO  stop_times  VALUES ('C3','14:07:00','14:07:00','gambettaBC',2,0,0);
INSERT INTO  stop_times  VALUES ('C3','14:08:00','14:08:00','salvetteAC',3,0,0);
INSERT INTO  stop_times  VALUES ('C3','14:10:00','14:10:00','madeleine1AC',4,0,0);
INSERT INTO  stop_times  VALUES ('C3','14:11:00','14:11:00','musique1C',5,0,0);
INSERT INTO  stop_times  VALUES ('C3','14:15:00','14:15:00','labatut',6,0,0);
INSERT INTO  stop_times  VALUES ('C3','14:16:00','14:16:00','beylive',7,0,0);
INSERT INTO  stop_times  VALUES ('C3','14:20:00','14:20:00','clairat',8,0,0);
INSERT INTO  stop_times  VALUES ('C3','14:21:00','14:21:00','apollinaire',9,0,0);
INSERT INTO  stop_times  VALUES ('C3','14:22:00','14:22:00','tounet',10,0,0);
INSERT INTO  stop_times  VALUES ('C3','14:23:00','14:23:00','vauthier',11,0,0);
INSERT INTO  stop_times  VALUES ('C3','14:24:00','14:24:00','marais',12,0,0);
INSERT INTO  stop_times  VALUES ('C3','14:25:00','14:25:00','bonnefond',13,0,0);
INSERT INTO  stop_times  VALUES ('C3','14:26:00','14:26:00','leydier',14,0,0);
INSERT INTO  stop_times  VALUES ('C3','14:27:00','14:27:00','leroy',15,0,0);
INSERT INTO  stop_times  VALUES ('C3','14:28:00','14:28:00','taillis',16,0,0);
INSERT INTO  stop_times  VALUES ('C3','14:29:00','14:29:00','lopofa',17,0,0);
INSERT INTO  stop_times  VALUES ('C3','14:30:00','14:30:00','capelle',18,0,0);
INSERT INTO  stop_times  VALUES ('C3','14:31:00','14:31:00','naillac',19,0,0);
INSERT INTO  stop_times  VALUES ('C3','14:32:00','14:32:00','sicard2AC',20,0,0);
INSERT INTO  stop_times  VALUES ('C3','14:33:00','14:33:00','musique2AC',21,0,0);
INSERT INTO  stop_times  VALUES ('C3','14:35:00','14:35:00','madeleine2AC',22,0,0);
INSERT INTO  stop_times  VALUES ('C3','14:37:00','14:37:00','hotelAC',23,0,0);
INSERT INTO  stop_times  VALUES ('C3','14:39:00','14:39:00','repu',24,0,0);
INSERT INTO  stop_times  VALUES ('C3','14:41:00','14:41:00','delattre',25,0,0);
INSERT INTO  stop_times  VALUES ('C4','16:20:00','16:20:00','sncf',1,0,0);
INSERT INTO  stop_times  VALUES ('C4','16:22:00','16:22:00','gambettaBC',2,0,0);
INSERT INTO  stop_times  VALUES ('C4','16:23:00','16:23:00','salvetteAC',3,0,0);
INSERT INTO  stop_times  VALUES ('C4','16:25:00','16:25:00','madeleine1AC',4,0,0);
INSERT INTO  stop_times  VALUES ('C4','16:26:00','16:26:00','musique1C',5,0,0);
INSERT INTO  stop_times  VALUES ('C4','16:30:00','16:30:00','labatut',6,0,0);
INSERT INTO  stop_times  VALUES ('C4','16:31:00','16:31:00','beylive',7,0,0);
INSERT INTO  stop_times  VALUES ('C4','16:35:00','16:35:00','clairat',8,0,0);
INSERT INTO  stop_times  VALUES ('C4','16:36:00','16:36:00','apollinaire',9,0,0);
INSERT INTO  stop_times  VALUES ('C4','16:37:00','16:37:00','tounet',10,0,0);
INSERT INTO  stop_times  VALUES ('C4','16:38:00','16:38:00','vauthier',11,0,0);
INSERT INTO  stop_times  VALUES ('C4','16:39:00','16:39:00','marais',12,0,0);
INSERT INTO  stop_times  VALUES ('C4','16:40:00','16:40:00','bonnefond',13,0,0);
INSERT INTO  stop_times  VALUES ('C4','16:41:00','16:41:00','leydier',14,0,0);
INSERT INTO  stop_times  VALUES ('C4','16:42:00','16:42:00','leroy',15,0,0);
INSERT INTO  stop_times  VALUES ('C4','16:43:00','16:43:00','taillis',16,0,0);
INSERT INTO  stop_times  VALUES ('C4','16:44:00','16:44:00','lopofa',17,0,0);
INSERT INTO  stop_times  VALUES ('C4','16:45:00','16:45:00','capelle',18,0,0);
INSERT INTO  stop_times  VALUES ('C4','16:46:00','16:46:00','naillac',19,0,0);
INSERT INTO  stop_times  VALUES ('C4','16:47:00','16:47:00','sicard2AC',20,0,0);
INSERT INTO  stop_times  VALUES ('C4','16:48:00','16:48:00','musique2AC',21,0,0);
INSERT INTO  stop_times  VALUES ('C4','16:50:00','16:50:00','madeleine2AC',22,0,0);
INSERT INTO  stop_times  VALUES ('C4','16:52:00','16:52:00','hotelAC',23,0,0);
INSERT INTO  stop_times  VALUES ('C4','16:54:00','16:54:00','repu',24,0,0);
INSERT INTO  stop_times  VALUES ('C4','16:56:00','16:56:00','delattre',25,0,0);
COMMIT;
